company_id,section_label,job_type_label,role_rank_id,post_label
14638,G-TEC営業部,,,リーダー
14638,G-TEC営業部,,,
14638,中部営業部,,,副部長
14638,中部営業部,,,所長
14638,中部営業部,,,
14638,事業推進部,,,部長
14638,事業推進部,,,
14638,事業推進部,,,リーダー
14638,事業開発部,,,
14638,人事総務部,,,課長
14638,人事総務部,,,
14638,休職中,,,
14638,埼玉営業部,,,
14638,埼玉営業部,,,リーダー
14638,埼玉営業部,,,部長
14638,埼玉営業部,,,所長
14638,建設部,,,部長
14638,建設部,,,
14638,建設部,,,リーダー
14638,技術,,,取締役
14638,本社,,,社長
14638,東京・神奈川地区,,,取締役
14638,東京営業部,,,所長
14638,東京営業部,,,リーダー
14638,東京営業部,,,部長
14638,東京営業部,,,
14638,東北・北関東営業部,,,
14638,東北・北関東営業部,,,店長
14638,東関東営業部,,,リーダー
14638,東関東営業部,,,
14638,東関東営業部,,,部長代行
14638,東関東営業部,,,所長
14638,法人・街づくり営業部,,,
14638,法人・街づくり営業部,,,部長代行
14638,法人・街づくり営業部,,,リーダー
14638,法人・街づくり営業部,,,所長
14638,神奈川営業部,,,リーダー
14638,神奈川営業部,,,所長
14638,神奈川営業部,,,
14638,神奈川営業部,,,部長代行
14638,経営管理部,,,リーダー
14638,経営管理部,,,課長
14638,経営管理部,,,
14638,西部営業部,,,
14638,西部営業部,,,店長
14638,西部営業部,,,所長
14638,西部営業部,,,リーダー
14638,設計部,,,部長
14638,設計部,,,
14638,関東・東北地区,,,取締役
15584,上席執行役員人事部,,,部長
15584,上席執行役員技術管理部,,,部長
15584,上席執行役員東京支店,,,支店長
15584,上席執行役員総務部,,,部長
15584,丸彦商事,,,
15584,事業本部名古屋支店,,,課長
15584,事業本部名古屋支店,,,部長
15584,事業本部名古屋支店事務課,,,課長
15584,事業本部名古屋支店事務課,,,
15584,事業本部名古屋支店佐賀事業所,,,所長
15584,事業本部名古屋支店佐賀事業所,,,
15584,事業本部名古屋支店呉事業所,,,所長
15584,事業本部名古屋支店営業部,,,主事
15584,事業本部名古屋支店営業部,,,
15584,事業本部名古屋支店工事部土木工事グループ,,,
15584,事業本部名古屋支店工事部建築工事グループ,,,工事長
15584,事業本部名古屋支店工事部建築工事グループ,,,
15584,事業本部名古屋支店工事部建築工事グループ,,,主任技師
15584,事業本部名古屋支店工事部建築工事グループ,,,課長
15584,事業本部名古屋支店日南事業所,,,所長
15584,事業本部名古屋支店春日井事業所,,,所長
15584,事業本部名古屋支店春日井事業所,,,
15584,事業本部名古屋支店春日井事業所（作業課）,,,
15584,事業本部名古屋支店春日井事業所（作業課）,,,課長
15584,事業本部名古屋支店米子事業所,,,所長
15584,事業本部名古屋支店阿南事業所,,,所長
15584,事業本部技術管理部施工改革推進グループ,,,
15584,事業本部技術管理部施工改革推進グループ,,,課長
15584,事業本部技術管理部管理グループ,,,課長
15584,事業本部技術管理部管理グループ,,,
15584,事業本部札幌支店リニューアルセンター,,,工事長
15584,事業本部札幌支店リニューアルセンター,,,
15584,事業本部札幌支店事務グループ,,,
15584,事業本部札幌支店土木部土木DX推進グループ,,,
15584,事業本部札幌支店土木部土木積算グループ,,,
15584,事業本部札幌支店土木部土木積算グループ,,,課長
15584,事業本部札幌支店土木部工事グループ,,,
15584,事業本部札幌支店土木部工事グループ,,,工事長
15584,事業本部札幌支店土木部工事グループ,,,課長
15584,事業本部札幌支店土木部舗装工事グループ,,,工事長
15584,事業本部札幌支店土木部舗装工事グループ,,,
15584,事業本部札幌支店建築部工事グループ,,,
15584,事業本部札幌支店建築部工事グループ,,,課長
15584,事業本部札幌支店建築部工事グループ,,,工事長
15584,事業本部東京支店,,,
15584,事業本部東京支店事務グループ,,,
15584,事業本部東京支店富士事業所,,,
15584,事業本部東京支店富士事業所,,,所長
15584,事業本部東京支店工事課,,,課長
15584,事業本部東京支店工事課,,,
15584,事業本部東京支店工事課,,,工事長
15584,事業本部東京支店江戸川事業所,,,
15584,事業本部東京支店江戸川事業所,,,所長
15584,事業本部江別支店,,,
15584,事業本部江別支店江別事業所,,,
15584,事業本部江別支店江別事業所,,,所長
15584,事業本部統括営業部,,,部長
15584,事業本部統括営業部,,,
15584,事業本部統括営業部業務グループ,,,課長
15584,事業本部統括営業部業務グループ,,,
15584,事業本部統括営業部積算グループ,,,次長
15584,事業本部統括営業部積算グループ,,,
15584,事業本部統括営業部第一営業グループ,,,次長
15584,事業本部統括営業部第二営業グループ,,,課長
15584,事業本部統括営業部第二営業グループ,,,
15584,事業本部統括営業部第二営業グループ,,,次長
15584,事業本部統括営業部設計グループ,,,
15584,事業本部統括営業部設計グループ,,,課長
15584,事業本部苫小牧支店,,,次長
15584,事業本部苫小牧支店事務課,,,
15584,事業本部苫小牧支店事務課,,,課長
15584,事業本部苫小牧支店営業課,,,
15584,事業本部苫小牧支店営業課,,,課長
15584,事業本部苫小牧支店土木課,,,課長
15584,事業本部苫小牧支店土木課,,,工事長
15584,事業本部苫小牧支店土木課,,,
15584,事業本部苫小牧支店安全担当,,,
15584,事業本部苫小牧支店建築課,,,工事長
15584,事業本部苫小牧支店建築課,,,
15584,事業本部苫小牧支店建築課,,,課長
15584,事業本部苫小牧支店苫小牧事業所,,,
15584,事業本部苫小牧支店苫小牧事業所,,,所長代理
15584,事業本部苫小牧支店苫小牧事業所,,,所長
15584,事業本部苫小牧支店苫小牧事業所,,,主任技師
15584,事業本部調達部,,,
15584,事業本部釧路支店事務グループ,,,
15584,事業本部釧路支店工事課,,,課長
15584,事業本部釧路支店釧路事業所,,,所長
15584,事業本部釧路支店釧路事業所,,,所長代理
15584,事業本部釧路支店釧路事業所,,,
15584,執行役員名古屋支店,,,支店長
15584,執行役員名古屋支店,,,部長
15584,執行役員経営企画室,,,部長
15584,安全管理室安全管理室,,,
15584,理事名古屋支店,,,次長
15584,理事安全管理室,,,室長
15584,理事札幌支店土木部,,,部長
15584,理事札幌支店建築部,,,部長
15584,理事経営企画室,,,部長
15584,理事統括営業部,,,部長
15584,理事苫小牧支店,,,支店長
15584,理事釧路支店,,,支店長
15584,管理本部IT推進部,,,
15584,管理本部IT推進部,,,部長
15584,管理本部人事部,,,課長
15584,管理本部人事部人事グループ,,,
15584,管理本部人事部人事グループ,,,課長
15584,管理本部人事部労務グループ,,,
15584,管理本部総務部経理グループ,,,課長
15584,管理本部総務部経理グループ,,,
15584,管理本部総務部総務グループ,,,
15584,管理本部総務部総務グループ,,,課長
15584,管理本部総務部財務グループ,,,課長
15584,管理本部総務部財務グループ,,,
15584,経営企画室,,,
22045,OS,営業,7,主任
22045,SS山形,営業,7,主任
22045,Y-PIT仙台,技術,7,主任
22045,Y-PIT仙台,技術,4,PIT長
22045,Y-PIT仙台泉,技術,8,
22045,Y-PIT仙台泉,技術,4,センター長
22045,Y-PIT大仙,技術,4,PIT長
22045,Y-PIT天童,営業,4,所長
22045,Y-PIT山形,技術,7,主任
22045,Y-PIT山形,技術,4,PIT長
22045,Y-PIT秋田,技術,4,次長
22045,Y-PIT米沢,技術,4,PIT長
22045,YPC,事務,4,課長
22045,YPC,事務,8,
22045,YPC,事務,9,
22045,YPL,フロント,8,
22045,YPL,フロント,9,
22045,YPL,営業,4,センター長
22045,YPL,営業,6,係長
22045,オートファーベン,技術,7,主任
22045,オートファーベン,技術,5,課長
22045,ネジバン,営業,5,課長
22045,メンテ山形,技術,7,主任
22045,五城目,営業,4,所長
22045,仙台,フロント,7,主任
22045,仙台,営業,8,
22045,仙台,営業,4,所長
22045,仙台泉,営業,7,主任
22045,仙台泉,営業,4,所長
22045,南陽,営業,4,所長
22045,南陽,営業,8,
22045,南陽,営業,7,主任
22045,大曲,営業,4,所長
22045,大曲,営業,7,主任
22045,大館,営業,4,所長
22045,大館,フロント,7,主任
22045,天童,営業,8,
22045,天童,営業,4,所長
22045,天童,営業,5,課長
22045,寒河江,営業,4,所長
22045,寒河江,営業,6,係長
22045,寒河江,営業,7,主任
22045,山形,営業,5,課長
22045,山形,営業,4,所長
22045,山形,営業,7,主任
22045,山形南,営業,5,課長
22045,山形南,営業,7,主任
22045,山形南,営業,4,所長
22045,新庄,営業,8,
22045,新庄,営業,4,所長
22045,新庄,営業,6,係長
22045,新庄,フロント,7,主任
22045,本社,経営者,1,代表取締役
22045,本社,経営者,1,取締役
22045,本社,次長,3,次長
22045,本社,部長,3,部長
22045,本社,経営者,1,常務取締役
22045,本荘,営業,8,
22045,本荘,営業,4,所長
22045,本荘,フロント,7,主任
22045,東根,営業,6,係長
22045,東根,営業,7,主任
22045,東根,営業,4,所長
22045,東根,営業,8,
22045,東根,フロント,7,主任
22045,横手,営業,7,主任
22045,横手,営業,4,次長
22045,横手,営業,4,所長
22045,湯沢,営業,4,所長
22045,湯沢,営業,8,
22045,湯沢,営業,7,主任
22045,特販課,営業,7,主任
22045,用品課,事務,8,
22045,用品課,事務,7,主任
22045,秋田,フロント,8,
22045,秋田,営業,4,所長
22045,秋田,フロント,9,
22045,秋田,営業,7,主任
22045,秋田,営業,8,
22045,秋田中央,営業,4,所長
22045,秋田中央,営業,6,係長
22045,秋田中央,営業,7,主任
22045,秋田中央,フロント,6,係長
22045,秋田中央,営業,4,次長
22045,米沢,営業,6,係長
22045,米沢,営業,4,所長
22045,米沢,営業,4,次長
22045,総務課,事務,7,主任
22045,総務課,事務,8,
22045,能代,営業,4,所長
22045,能代,営業,8,
22045,能代,フロント,7,主任
22045,角館,営業,4,所長
22045,長井,営業,7,主任
22045,長井,営業,4,所長
22045,鷹巣,営業,8,
22045,鹿角,営業,4,所長
22045,鹿角,フロント,7,主任
22263,,,,
22263,中国四国支店,,,
22263,中国四国支店技術,,,
22263,中部支店,,,
22263,中部支店技術,,,
22263,九州支店,,,
22263,九州支店技術,,,
22263,役員,,,
22263,技術本部,,,
22263,総務部,,,
22263,試験室,,,
22263,関東支店営業,,,
22263,関東支店技術,,,
22263,関西支店,,,
22263,関西支店技術,,,
23993,,,,
23993,23新卒,外商,5,一般
23993,23新卒,広告宣伝,5,一般
23993,23新卒,専門職,5,一般
23993,23新卒,外商,5,
23993,24新卒,外商,5,一般
23993,24新卒,外商,5,
23993,北海道エリア,店舗,5,一般
23993,北海道外商,外商,5,一般
23993,名古屋外商,外商,5,一般
23993,大阪外商,外商,5,一般
23993,宅配,専門職,5,一般
23993,宮城エリア,店舗,5,一般
23993,岩手青森エリア,店舗,5,一般
23993,東京外商,事務,5,一般
23993,東京外商,外商,5,一般
23993,業務推進,人事,5,一般
23993,業務推進,人事,5,
23993,熊本外商,外商,5,一般
23993,着物,専門職,5,一般
23993,福岡外商,外商,5,一般
23993,福島エリア,店舗,5,一般
23993,総務部,人事,5,一般
23993,骨董,専門職,5,一般
24791,,,,
24791,AI研修／JSaaSストア,6,6,リーダー
24791,AI研修／JSaaSストア,5,4,マネージャー
24791,AI研修／JSaaSストア,7,7,スタッフ
24791,JDネット,7,7,スタッフ
24791,JDネット,5,4,マネージャー
24791,JDネット,6,6,リーダー
24791,JSaaSストア,5,4,マネージャー
24791,JSaaSストア,6,6,リーダー
24791,JSaaSストア,7,7,スタッフ
24791,JSaaS会計（HP制作）,6,6,リーダー
24791,JSaaS会計（HP制作）,5,4,マネージャー
24791,JSaaS会計（HP制作）,7,7,スタッフ
24791,Jコンサル,5,4,マネージャー
24791,Jコンサル,7,7,スタッフ
24791,Jコンサル,6,6,リーダー
24791,WTE/WT,7,7,スタッフ
24791,WTE/WT,6,6,リーダー
24791,iクリエイショングループ,2,1,取締役
24791,iクリエイショングループ,6,6,リーダー
24791,iクリエイショングループ,5,4,マネージャー
24791,iクリエイショングループ,7,7,スタッフ
24791,その他,その他,10,
24791,その他,7,7,スタッフ
24791,みんなのBPO営業,5,4,マネージャー
24791,みんなのBPO運営,7,7,スタッフ
24791,みんなのBPO運営,5,4,マネージャー
24791,インサイドセールス／情シス／入金管理,7,7,スタッフ
24791,インサイドセールス／情シス／入金管理,5,4,マネージャー
24791,インサイドセールス／情シス／入金管理,6,6,リーダー
24791,クラウドコンサルティング局,4,1,執行役員
24791,助成金申請,7,7,スタッフ
24791,助成金申請,5,4,マネージャー
24791,宮崎,6,6,リーダー
24791,宮崎,7,7,スタッフ
24791,経営,1,1,代表取締役社長
24791,経営コンサルティング局,4,1,執行役員
24791,経営コンサルティング局,5,4,マネージャー
24791,経営コンサルティング局,7,7,スタッフ
24791,経営コンサルティング局,6,6,リーダー
24791,経営コンサルティング局,2,1,取締役
24791,補助金申請,7,7,スタッフ
24791,補助金申請,5,4,マネージャー
24791,補助金申請,6,6,リーダー
28237,,,,
28237,SI営業,,,メンバー
28237,SI営業,,,マネージャー
28237,SI営業,,,リーダー
28237,SI開発 1部,,,リーダー
28237,SI開発 1部,,,メンバー
28237,SI開発 1部,,,マネージャー
28237,SI開発 1部,,,
28237,SI開発 2部,,,部長
28237,SI開発 2部,,,
28237,SI開発 2部,,,メンバー
28237,SI開発 2部,,,リーダー
28237,SI開発 2部,,,マネージャー
28237,SI開発 3部,,,部長
28237,SI開発 3部,,,メンバー
28237,SI開発 3部,,,リーダー
28237,SI開発 3部,,,マネージャー
28237,SI開発 3部,,,
28237,SI開発 その他,,,メンバー
28237,SI開発 その他,,,
28237,SS開発,,,マネージャー
28237,SS開発,,,メンバー
28237,SS開発,,,
28237,SS開発,,,リーダー
28237,SS開発,,,部長代理
28237,SS開発,,,部長
28237,その他,,,メンバー
28237,その他,,,
28237,ソリューション営業部,,,マネージャー
28237,ソリューション営業部,,,
28237,ソリューション営業部,,,部長
28237,ソリューション営業部,,,メンバー
28237,ソリューション営業部,,,リーダー
28237,管理本部,,,本部長
28237,管理本部,,,
28237,管理本部,,,メンバー
28237,管理本部,,,マネージャー
32607,,,,
32607,カイノス刈谷店,,,
32607,カイノス刈谷店,,,店長
32607,カイノス刈谷店,営業職,9,
32607,カイノス大府センター,,,
32607,カイノス大府センター,,,店長
32607,カイノス安城店,,,
32607,カイノス安城店,,,店長
32607,カイノス碧南店,,,
32607,カイノス碧南店,,,店長
32607,カイノス西尾店,,,
32607,カイノス西尾店,,,店長
32607,サービスセンター,,,
32607,サービスセンター,,,センター長
32607,サービスセンター,,,課長
32607,取締役,,,取締役
32607,営業本部,,,
32607,営業本部,,,課長
32607,営業課,,,課長
32607,営業課,,,
32607,総務部,,,
32607,総務部,,,部長
32607,西尾東センター,,,
32607,西尾東センター,,,センター長
32607,西尾東センター,,,部長
32607,資材センター,,,センター長
32607,資材センター,,,
32607,ＷＥＢ事業課,,,
32964,,,,
32964,A工化成品,,,主任
32964,A工化成品,,,社員
32964,A工化成品,,,課長
32964,A工化成品,,,係長
32964,A工化成品,,,部長
32964,エンプラ,,,課長
32964,エンプラ,,,社員
32964,エンプラ,,,主任
32964,光学,,,部長
32964,光学,,,主任
32964,光学,,,社員
32964,光学,,,課長
32964,光電,,,課長
32964,光電,,,社員
32964,光電,,,主任
32964,品証,,,課長
32964,品証,,,主任
32964,品証,,,部長
32964,品証,,,社員
32964,営業,,,係長
32964,営業,,,部長
32964,技術,,,部長
32964,技術,,,社員
32964,技術,,,課長
32964,技術,,,主任
32964,生産管理部,,,社員
32964,生産管理部,,,部長
32964,生産管理部,,,準社員
32964,生産管理部,,,主任
32964,経営戦略室,,,部長
32964,経営戦略室,,,社員
32964,総務人事部,,,課長
32964,総務人事部,,,部長
32964,総務人事部,,,社員
32964,警報器製造,,,社員
32964,警報器製造,,,部長
32964,警報器製造,,,主任
32964,財務部,,,部長
32964,財務部,,,社員
32964,販売部,,,課長
32964,販売部,,,主任
32964,販売部,,,部長
32964,販売部,,,社員
32964,金型,,,主任
32964,金型,,,部長
32964,金型,,,課長
32964,電子製造,,,社員
32964,電子製造,,,主任
32964,電子製造,,,課長
32964,Ｆ工化成品,,,主任
32964,Ｆ工化成品,,,課長
32964,Ｆ工化成品,,,社員
32964,Ｆ工総務部,,,部長
32964,Ｆ工総務部,,,社員
32964,Ｓ工,,,課長
32964,Ｓ工,,,社員
32964,Ｓ工,,,部長
32964,Ｓ工,,,主任
33097,リンク,出向,,役員
33097,不動産,営業,,課長
33097,中四国営業所,工事,,係長
33097,中四国営業所,営業,,所長
33097,人事・総務本部,本部長,,本部長
33097,人事部,事務,,係長
33097,営業部,営業,,課長
33097,営業部,営業,,一般
33097,営業部,営業,,主任
33097,営業部,事務,,一般
33097,営業部,工事,,一般
33097,営業部,設計,,係長
33097,営業部,設計,,一般
33097,営業部,工事,,主任
33097,営業部,営業,,課長代理
33097,営業部,営業,,係長
33097,営業部,営業,,次長
33097,大阪営業所,営業,,係長
33097,大阪営業所,工事,,課長
33097,大阪営業所,営業,,主任
33097,大阪営業所,積算,,係長
33097,大阪営業所,事務,,主任
33097,大阪営業所,工事,,主任
33097,大阪営業所,事務,,一般
33097,大阪営業所,設計,,所長
33097,大阪営業所,工事,,一般
33097,大阪営業所,工事,,係長
33097,大阪営業所,営業,,課長
33097,安全環境室,工事,,課長代理
33097,安全環境室,工事,,室長
33097,工事部,工事,,課長
33097,工事部,工事,,主任
33097,工事部,工事,,一般
33097,工事部,工事,,次長
33097,工事部,事務,,主任
33097,工事部,工事,,係長
33097,本社,役員,,社長
33097,本社,役員,,会長
33097,本社,役員,,取締役
33097,東海営業所,工事,,所長
33097,東海営業所,事務,,主任
33097,東海営業所,工事,,課長
33097,積算購買部,積算,,係長
33097,積算購買部,積算,,課長
33097,積算購買部,積算,,一般
33097,積算購買部,事務,,一般
33097,積算購買部,積算,,主任
33097,経営戦略室,事務,,課長
33097,総務部,事務,,主任
33097,設計部,設計,,主任
33097,設計部,設計,,一般
33097,設計部,事務,,一般
33097,設計部,設計,,課長
33097,設計部,設計,,部長
33097,設計部,設計,,係長
33097,財務・経営企画本部,本部長,,本部長
33097,財務経理部,事務,,係長
33097,財務経理部,事務,,一般
33097,財務経理部,事務,,主任
37015,アグリ,栽培技術,,課長代理
37015,アグリ,業務,,一般社員
37015,アグリ,営業,2,上席部長
37015,アグリ,業務,,主任
37015,アグリ,営業,,一般社員
37015,アグリ,栽培技術,,一般社員
37015,アグリ,営業,,課長
37015,アグリ,栽培技術,,契約社員
37015,アグリ,栽培技術,2,上席部長
37015,アグリ,業務,,契約社員
37015,アグリ,栽培技術,,上席課長
37015,アグリ,営業,,上席課長
37015,アグリ,業務,2,上席部長
37015,アグリ,営業,,副主任
37015,アグリ,栽培技術,,主任
37015,アグリ,業務,,調査役
37015,アグリ,営業,,課長代理
37015,アグリ,営業,,係長
37015,アグリ,開発,,上席調査役
37015,キット開発,開発,,上席課長
37015,キット開発,開発,,調査役
37015,キット開発,開発,,係長
37015,キット開発,開発,2,上席部長
37015,メディカル,業務,,上席課長
37015,メディカル,業務,,一般社員
37015,メディカル,営業,,主任
37015,メディカル,業務,,係長
37015,メディカル,営業,,課長代理
37015,メディカル,業務,,課長代理
37015,メディカル,業務,,副主任
37015,メディカル,営業,,一般社員
37015,メディカル,業務,,主任
37015,メディカル,営業,,上席調査役
37015,メディカル,営業,2,上席部長
37015,メディカル,営業,,副主任
37015,メディカル,営業,,上席課長
37015,品質保証,業務,,主任
37015,品質保証,業務,,課長代理
37015,品質保証,業務,,パートタイマー
37015,品質保証,業務,,一般社員
37015,品質保証,業務,,係長
37015,品質保証部,業務,2,上席部長
37015,海外事業,営業,,上席課長
37015,生産管理,生産技術,,一般社員
37015,生産管理,製造,,係長
37015,生産管理,製造,,契約社員
37015,生産管理,製造管理,,係長
37015,生産管理,調達,,契約社員
37015,生産管理,調達,,係長
37015,生産管理,製造管理,,副主任
37015,生産管理,製造管理,,調査役
37015,生産管理,生産技術,,副主任
37015,生産管理,滅菌管理,,係長
37015,生産管理,滅菌管理,,課長代理
37015,生産管理,調達,,一般社員
37015,生産管理,生産技術,,係長
37015,生産管理,製造,,主任
37015,生産管理,調達,,主任
37015,生産管理,製造管理,,主任
37015,生産管理,出荷管理,,上席課長
37015,生産管理,生産技術,,上席課長
37015,生産管理,製造管理,,課長
37015,生産管理,製造,,課長代理
37015,生産管理,生産技術,,課長代理
37015,生産管理,生産技術,,主任
37015,生産管理,出荷管理,,係長
37015,経営統括,経営者,1,常務取締役
37015,経営統括,経営者,1,取締役
37015,総務,総務,,副主任
37015,総務,総務,,一般社員
37015,総務,経理,,係長
37015,総務,システム,,主任
37015,総務,経理、総務,,主任
37015,総務,システム,,上席課長
37015,総務部,総務、人事,5,主任
37015,総務部,経理、総務、人事,5,主任
37015,総務部,総務、人事,4,上席課長
37015,総務部,総務,2,上席部長
37015,総務部,人事,5,上席課長
37015,製造,製造,,係長
37015,製造,製造,,主任
37015,開発,開発,,係長
37015,開発,開発,,主任
37015,開発,開発,,課長代理
37015,開発,開発,2,上席部長
37015,開発,営業,2,上席部長
38365,1聖華保育園,保育士,6,保育士
38365,2滝野川西保育園,保育士,6,保育士
38365,3水神橋保育園,保育士,6,保育士
38365,4浮間さくら草保育園,保育士,6,保育士
38365,4浮間さくら草保育園,保育士,6,
38365,5町屋保育園,保育士,6,保育士
40172,三郷,事務,5,主任
40172,三郷,事務,4,所長
40172,三郷,ドライバー,8,
40172,三郷,ドライバー,9,
40172,川口,ドライバー,8,
40172,川越,ドライバー,8,
40172,川越,事務,4,所長
40172,川越,事務,5,主任
40172,日野,事務,4,所長
40172,日野,ドライバー,8,
40172,本社,事務,5,課長
40172,本社,事務,4,課長
40172,本社,事務,5,係長
40172,本社,事務,7,
40172,本社,事務,6,
40172,本社,事務,9,
40172,東川口,ドライバー,8,
40172,東川口,事務,5,主任
40172,東川口,事務,4,所長
40172,湘南,事務,5,副所長
40172,湘南,事務,5,所長
40172,湘南,事務,4,主任
40172,湘南,事務,8,
40172,湘南,ドライバー,8,
40172,野田,事務,5,主任
40172,野田,事務,4,所長
40172,野田,整備,5,主任
40172,野田,ドライバー,8,
43866,,,,
43866,みどり管理課,,,S1(7)
43866,みどり管理課,,,M1(10)
43866,みどり管理課,,,L2(6)
43866,みどり管理課,,,E4(4)
43866,事業推進課,,,S2(8)
43866,事業推進課,,,M1(10)
43866,事業推進課,,,L2(6)
43866,事業推進課,,,L1(5)
43866,事業推進課,,,S1(7)
43866,加工発送課,,,L1(5)
43866,加工発送課,,,L2(6)
43866,加工発送課,,,M1(10)
43866,加工発送課,,,P
43866,加工発送課,,,S1(7)
43866,加工発送課,,,E4(4)
43866,品質管理課,,,L1(5)
43866,品質管理課,,,L2(6)
43866,品質管理課,,,M3(12)
43866,品質管理課,,,E3(3)
43866,品質管理課,,,M1(10)
43866,品質管理課,,,E2(2)
43866,品質管理課,,,P
43866,商品企画課,,,M1(10)
43866,商品企画課,,,E4(4)
43866,商品企画課,,,L2(6)
43866,商品企画課,,,E3(3)
43866,営業課,,,P
43866,営業課,,,L1(5)
43866,営業課,,,L2(6)
43866,営業課,,,E4(4)
43866,営業課,,,M3(12)
43866,営業課１課,,,M2(11)
43866,営業課１課,,,E4(4)
43866,営業課１課,,,L2(6)
43866,営業課１課,,,M1(10)
43866,営業課２課,,,L1(5)
43866,営業課２課,,,E4(4)
43866,営業１課,,,M2(11)
43866,営業１課,,,L2(6)
43866,営業１課,,,L1(5)
43866,営業１課,,,P
43866,営業１課,,,E4(4)
43866,営業１課,,,S2(8)
43866,営業２課,,,M2(11)
43866,営業２課,,,E4(4)
43866,営業２課,,,S1(7)
43866,営業２課,,,L1(5)
43866,営業３課,,,P
43866,営業３課,,,L2(6)
43866,営業３課,,,M2(11)
43866,営業３課,,,E4(4)
43866,営業３課,,,L1(5)
43866,国内営業部,,,E4(4)
43866,国内営業部,,,E3(3)
43866,国内営業部,,,部長
43866,工事課,,,M2(11)
43866,工事課,,,P
43866,工事課,,,E3(3)
43866,工事課,,,L2(6)
43866,指定管理課,,,P
43866,指定管理課,,,L2(6)
43866,指定管理課,,,E4(4)
43866,指定管理課,,,M1(10)
43866,支店管理課,,,M1(10)
43866,支店管理課,,,L2(6)
43866,支店管理課,,,M3(12)
43866,生産管理課,,,L1(5)
43866,生産管理課,,,E4(4)
43866,生産管理課,,,M2(11)
43866,生産管理課,,,E3(3)
43866,生産管理課,,,M1(10)
43866,生産管理課,,,M3(12)
43866,生産管理課,,,S1(7)
43866,経理課,,,M2(11)
43866,経理課,,,L1(5)
43866,経理課,,,L2(6)
43866,総務課,,,役員
43866,総務課,,,P
43866,総務課,,,S2(8)
43866,総務課,,,S1(7)
43866,総務課,,,L2(6)
43866,総務課,,,M2(11)
43866,総務課,,,L1(5)
43866,育種１課,,,M2(11)
43866,育種１課,,,E3(3)
43866,育種１課,,,E4(4)
43866,育種１課,,,L1(5)
43866,育種２課,,,L1(5)
43866,育種２課,,,M1(10)
43866,育種２課,,,M3(12)
43866,育種２課,,,E4(4)
43866,育種３課,,,M2(11)
43866,育種３課,,,E4(4)
43866,育種３課,,,L2(6)
43866,販売推進課,,,S2(8)
43866,販売推進課,,,E4（4）
43866,販売推進課,,,L2(6)
43866,販売推進課,,,S1(7)
43866,販売推進課　グリーン事業チーム,,,M1(10)
43866,販売推進課　グリーン事業チーム,,,L1(5)
43866,販売推進課　グリーン事業チーム,,,L2(6)
43866,販売推進課　グリーン事業チーム,,,E4(4)
43866,農場管理課,,,M1(10)
43866,農場管理課,,,L2(6)
43866,農場管理課,,,E1(1)
43866,造園営業課,,,S1(7)
43866,造園営業課,,,M2(11)
43866,造園営業課,,,L1(5)
43866,造園課,,,L1(5)
43866,造園課,,,M2(11)
43866,造園課,,,L2(6)
45596,CCSC課,採用職,4,係長
45596,CCSC課,採用職,8,主任
45596,CCSC課,営業職,7,主任
45596,CCSC課,採用職,9,正社員
45596,CCSC課,採用職,4,課長
45596,CCSC課,採用職,7,主任
45596,CCSC課,採用職,7,係長
45596,CCSC課,採用職,10,正社員
45596,CCSC課,採用職,8,正社員
45596,デジタル変革課,専門職,4,課長
45596,ヒューマニック,経営,1,代表取締役
45596,ヒューマニック,経営,2,取締役
45596,プロモーション課,専門職,7,主任
45596,プロモーション課,専門職,8,正社員
45596,プロモーション課,専門職,9,正社員
45596,プロモーション課,専門職,4,係長
45596,人事・業務部,人事職,3,次長
45596,人事業務部,人事,,
45596,人材事業部,経営,2,執行役員
45596,仙台支店,営業職,10,正社員
45596,仙台支店,営業職,5,係長
45596,仙台支店,営業職,8,主任
45596,企画開発室,専門職,4,次長
45596,名古屋支店,営業職,8,正社員
45596,名古屋支店,営業職,8,主任
45596,名古屋支店,営業職,7,係長
45596,名古屋支店,営業職,4,課長
45596,名古屋支店,営業職,9,正社員
45596,名古屋支店,営業職,7,主任
45596,名古屋支店,事務職,8,アルバイト
45596,名古屋支店,営業職,6,係長
45596,名古屋支店,営業職,10,正社員
45596,大阪支店,営業職,6,係長
45596,大阪支店,営業職,8,主任
45596,大阪支店,営業職,4,係長
45596,大阪支店,営業職,10,正社員
45596,大阪支店,営業職,8,正社員
45596,情報システム課,専門職,9,正社員
45596,情報システム課,専門職,4,課長
45596,情報システム課,専門職,7,係長
45596,情報システム部,管理職,3,次長
45596,新宿支店,営業職,5,係長
45596,新宿支店,営業職,10,正社員
45596,新宿支店,営業職,9,正社員
45596,新宿支店,営業職,7,係長
45596,新宿支店,営業職,8,正社員
45596,新宿支店,営業職,6,係長
45596,新宿支店,営業職,4,課長
45596,新宿支店,営業職,7,主任
45596,新宿支店,営業職,8,主任
45596,新宿支店,営業職,7,正社員
45596,札幌支店,営業職,7,係長
45596,札幌支店,営業職,8,主任
45596,札幌支店,営業職,10,正社員
45596,札幌支店,営業職,9,正社員
45596,札幌支店,営業職,8,正社員
45596,札幌支店,営業職,7,主任
45596,札幌支店,営業職,4,係長
45596,業務対策課,事務職,7,係長
45596,業務対策課,専門職,8,係長
45596,業務対策課,専門職,4,課長
45596,業務支援課,事務職,7,主任
45596,業務支援課,事務職,8,正社員
45596,業務支援課,事務職,4,係長
45596,沖縄支店,営業職,7,主任
45596,沖縄支店,営業職,10,正社員
45596,沖縄支店,営業職,9,正社員
45596,沖縄支店,営業職,8,主任
45596,沖縄支店,営業職,8,正社員
45596,沖縄支店,営業職,4,課長
45596,沖縄支店,その他,8,正社員
45596,海外事業部,管理職,2,部長
45596,海外人材課,採用職,8,正社員
45596,海外人材課,営業職,8,正社員
45596,海外人材課,営業職,4,係長
45596,海外人材課,採用職,9,契約社員
45596,海外営業課,営業職,5,課長
45596,社長室,企画職,4,課長
45596,福岡支店,営業職,10,正社員
45596,福岡支店,営業職,8,主任
45596,福岡支店,営業職,8,正社員
45596,福岡支店,営業職,4,係長
45596,福岡支店,営業職,9,正社員
45596,総務課,事務職,4,課長
45596,総務課,事務職,8,アルバイト
45596,総務課,事務職,7,主任
45596,総務課,事務職,7,係長
48883,C工場,管理職,4,執行役員
48883,C工場K-4ﾊﾟﾁｯﾄｴﾘｱ本川班,製造,8,班長
48883,C工場　K-1ﾊﾟﾁｯﾄｴﾘｱ嶋田班,製造,9,
48883,C工場　K-1ﾊﾟﾁｯﾄｴﾘｱ嶋田班,製造,8,班長
48883,C工場　品質管理部,品質管理,7,係長
48883,C工場　品質管理部,品質管理,8,主任
48883,C工場　品質管理部,品質管理,9,
48883,C工場　業務部,事務,8,班長
48883,C工場　業務部,事務,9,
48883,C工場　環境管理部,事務,6,課長
48883,C工場　環境管理部,製造,7,シニアエキスパート
48883,C工場　環境管理部,製造,8,主任
48883,C工場　環境管理部,事務,7,係長
48883,C工場　生産技術部,技術,8,主任
48883,C工場　生産技術部,技術,7,係長
48883,C工場　生産技術部,技術,8,班長
48883,C工場　生産技術部,技術,9,
48883,C工場　生産技術部　電機課,技術,9,
48883,C工場　製造部,管理職,6,課長
48883,C工場　製造部　K-1ﾊﾟﾁｯﾄｴﾘｱ,製造,8,主任
48883,C工場　製造部　製造管理課,製造管理,8,主任
48883,C工場　製造部　製造管理課,製造管理,8,班長
48883,C工場　製造部　ﾃﾝﾄｴﾘｱ,製造,8,主任
48883,C工場　製造部エンボスエリア班,製造,8,班長
48883,C工場　製造部入出荷エリア,事務,8,主任
48883,C工場　製造部入出荷エリア,入出荷,9,
48883,C工場　製造部入出荷エリア,入出荷,8,主任
48883,C工場　製造部ﾊﾟﾁｯﾄ・ﾃﾝﾄｴﾘｱ,製造,7,係長
48883,C工場　ﾃﾝﾄｴﾘｱ多田班,製造,8,班長
48883,C工場　ﾃﾝﾄｴﾘｱ多田班,製造,9,
48883,F工場　不織布班,製造,8,班長
48883,F工場　不織布班,製造,8,主任
48883,F工場　不織布班,製造,7,課長代理
48883,F工場　保全部,保全,8,主任
48883,F工場　保全部,保全,4,部長
48883,F工場　保全部,保全,7,シニアエキスパート
48883,F工場　保全部,保全,9,
48883,F工場　入出荷班,入出荷,8,班長
48883,F工場　入出荷班,製造,8,主任
48883,F工場　品質管理部,品質管理,9,
48883,F工場　品質管理部,品質管理,8,班長
48883,F工場　業務部,事務,8,主任
48883,F工場　業務部,事務,9,
48883,F工場　生産技術部,管理職,5,副部長
48883,F工場　生産技術部,技術,8,主任
48883,F工場　生産技術部,技術,7,課長代理
48883,F工場　生産技術部,技術,9,
48883,F工場　生産管理部,生産管理,9,
48883,F工場　生産管理部,生産管理,8,主任
48883,F工場　生産管理部,生産管理,7,係長
48883,F工場　製造部　ｽﾘｯﾀｰ梱包班,製造,8,主任
48883,F工場　製造部　ｽﾘｯﾀｰ梱包班,製造,8,班長
48883,F工場　製造部　ｽﾘｯﾀｰ梱包班,製造,9,
48883,品質保証部,品質保証,5,副部長
48883,工場　技術開発部,技術,4,部長
48883,工場　技術開発部,技術,9,
48883,工場　技術開発部,技術,7,係長
48883,工場　技術開発部,技術,8,主任
48883,役員,役員,1,社長
48883,役員,役員,3,取締役部長
48883,役員,役員,3,専務取締役
48883,役員,役員,1,会長
48883,役員,役員,3,常務取締役
48883,本社　マーケティング部,マーケティング,9,
48883,本社　品質保証部本社　品質保証課,品質保証,8,主任
48883,本社　品質保証部本社　品質保証課,品質保証,9,
48883,本社　営業部　国内,営業,4,部長
48883,本社　営業部　国内,営業,9,
48883,本社　営業部　国内,営業,7,課長代理
48883,本社　営業部　国内,営業,5,副部長
48883,本社　営業部　国内　営業事務,事務,9,
48883,本社　営業部　国内　営業事務,事務,8,主任
48883,本社　営業部　国内　営業事務,事務,7,係長
48883,本社　営業部　貿易,営業,8,主任
48883,本社　営業部　貿易,営業,9,
48883,本社　営業部　貿易,営業,7,課長代理
48883,本社　営業部　貿易,営業,6,課長
48883,本社　営業部　貿易,事務,9,
48883,本社　営業部　貿易　上海,営業,8,主任
48883,本社　法務知財部,事務,9,
48883,本社　法務知財部法務知財課,事務,9,
48883,本社　法務知財部法務知財課,事務,8,主任
48883,本社　法務知財部法務知財課,事務,10,
48883,本社　研究開発部,開発,7,係長
48883,本社　研究開発部,開発,8,主任
48883,本社　研究開発部本社　研究開発部　評価分析チーム,開発,9,
48883,本社　研究開発部本社　研究開発部　評価分析チーム,開発,7,課長代理
48883,本社　研究開発部本社　研究開発部　評価分析チーム,開発,8,主任
48883,本社　総務部,事務,7,係長
48883,本社　総務部,事務,9,
48883,本社　総務部,IT,9,
48883,本社　総務部,事務,6,課長
48883,本社　総務部,健康管理,10,
48883,本社　購買部本社　購買部　購買課,購買,7,係長
48883,本社　購買部本社　購買部　購買課,購買,9,
48883,本社　購買部本社　購買部　購買課,購買,6,課長
48883,本社　購買部本社　購買部　購買課,購買,8,主任
48883,Ｆ工場　製造部,管理職,6,課長
49214,M統括本部,経営,1,
49214,M統括本部,マーケティング,6,
49214,M統括本部,マーケティング,4,
49214,S事業本部　第一開発部,エンジニア,4,
49214,S事業本部　第七開発部,エンジニア,6,
49214,S事業本部　第三開発部,エンジニア,6,
49214,S事業本部　第三開発部,エンジニア,4,
49214,S事業本部　第二開発部,エンジニア,4,
49214,S事業本部　第五開発部,エンジニア,6,
49214,S事業本部　第五開発部,エンジニア,4,
49214,S事業本部　第六開発部,エンジニア,6,
49214,S事業本部　第六開発部,エンジニア,4,
49214,S事業本部　第四開発部,エンジニア,6,
49214,クラウド事業本部,エンジニア,4,
49214,クラウド事業本部,エンジニア,2,
49214,クラウド事業本部,エンジニア,6,
49214,ソリューション事業本部,エンジニア,6,
49214,ソリューション事業本部,エンジニア,2,
49214,ソリューション事業本部,エンジニア,4,
49214,営業統括本部,営業,6,
49214,営業統括本部,営業,4,
49214,営業統括本部,営業,2,
49214,管理本部,事務,4,
49214,管理本部,事務,1,
49214,管理本部,事務,6,
49214,製造・流通事業本部,エンジニア,2,
49214,製造・流通事業本部,エンジニア,6,
49214,製造・流通事業本部,エンジニア,4,
49214,関西支社,経営,2,
49214,関西支社,支社長,2,
49214,関西支社,エンジニア,6,
49214,関西支社,管理部,6,
50891,名古屋事業所,営業,,
50891,名古屋事業所,営業,,役員
50891,名古屋事業所,品質保証,,係長
50891,名古屋事業所,業務,,主任
50891,名古屋事業所,製造,,
50891,名古屋事業所,経理総務,,
50891,名古屋事業所,生産技術,,
50891,名古屋事業所,生産技術,,係長
50891,名古屋事業所,業務,,
50891,名古屋事業所,製造,,課長
50891,名古屋事業所,生産技術,,主任
50891,名古屋事業所,営業,,課長
50891,名古屋事業所,営業,,部長
50891,名古屋事業所,経理総務,,部長
50891,名古屋事業所,業務,,課長
50891,名古屋事業所,総務,,
50891,名古屋事業所,経理総務,,係長
50891,名古屋事業所,製造,,主任
50891,名古屋事業所,生産技術,,課長
50891,名古屋事業所,開発設計,,
50891,役員,総務,,部長
50891,役員,相談役,,相談役
50891,役員,代表取締役社長,,代表取締役社長
50891,東名工場,生産技術,,
50891,東名工場,製造,,
50891,東名工場,品質保証,,
50891,東名工場,生産管理,,課長
50891,東名工場,製造,,主任
50891,東名工場,営業,,係長
50891,東名工場,製造,,課長
50891,東名工場,品質保証,,係長
50891,東名工場,総務,,
50891,東名工場,開発設計,,係長
50891,東名工場,開発設計,,
50891,東名工場,総務,,課長
50891,東名工場,製造,,係長
50891,東名工場,品質保証,,課長
50891,東名工場,開発設計,,主任
50891,東名工場,生産管理,,係長
50891,東名工場,出荷,,
50891,東名工場,工場長,,部長
50891,東名工場,業務,,
50891,東名工場,開発設計課,,課長
50891,東名工場,生産管理,,
50891,浜松本社,営業,,係長
50891,浜松本社,品質保証,,主任
50891,浜松本社,生産管理,,
50891,浜松本社,経理総務,,課長
50891,浜松本社,営業,,部長
50891,浜松本社,生産技術,,
50891,浜松本社,生産技術,,部長
50891,浜松本社,業務,,係長
50891,浜松本社,品質保証,,
50891,浜松本社,品質保証,,課長
50891,浜松本社,製造,,
50891,浜松本社,製造,,課長
50891,浜松本社,製造,,主任
50891,浜松本社,製造,,係長
50891,浜松本社,工場長,,課長
50891,浜松本社,生産技術,,課長
50891,浜松本社,生産管理,,主任
50891,浜松本社,生産技術,,係長
50891,浜松本社,総務,,
50891,浜松本社,総務,,主任
54144,,,,
54144,事務部医事課医事(パ,,,
54144,事務部医事課医事(常,,,チーフ
54144,事務部医事課医事(常,,,
54144,事務部医事課医事(常,,,情報管理室長
54144,事務部医事課医事(常,,,医事課 主任
54144,事務部医事課医事(常,,,医事課長
54144,事務部総務課総務(パ,,,
54144,事務部総務課総務(常,,,地域連携室長
54144,事務部総務課総務(常,,,施設課長
54144,事務部総務課総務(常,,,総務課 主任
54144,事務部総務課総務(常,,,法人副本部長
54144,事務部総務課総務(常,,,総務課長
54144,事務部総務課総務(常,,,チーフ
54144,事務部総務課総務(常,,,事務長
54144,事務部総務課総務(常,,,
54144,事務部総務課総務(常,,,法人本部長
54144,事務部総務課総務(常,,,次長
54144,居宅事業所はるのうみ(常,,,
54144,看護部外来ＯＰ室准看(パ,,,
54144,看護部外来ＯＰ室准看(常,,,
54144,看護部外来ＯＰ室助手(パ,,,
54144,看護部外来ＯＰ室正看(パ,,,
54144,看護部外来ＯＰ室正看(常,,,
54144,看護部外来ＯＰ室正看(常,,,看護師長
54144,看護部看護部正看(パ,,,
54144,看護部看護部正看(常,,,
54144,看護部看護部正看(常,,,看護副部長
54144,看護部看護部正看(常,,,看護部長
54144,看護部Ａ３病棟助手(パ,,,
54144,看護部Ａ３病棟助手(常,,,
54144,看護部Ａ３病棟正看(パ,,,
54144,看護部Ａ３病棟正看(常,,,看護師長
54144,看護部Ａ３病棟正看(常,,,看護主任
54144,看護部Ａ３病棟正看(常,,,
54144,看護部Ａ４病棟准看(常,,,
54144,看護部Ａ４病棟助手(パ,,,
54144,看護部Ａ４病棟助手(常,,,
54144,看護部Ａ４病棟正看(常,,,
54144,看護部Ａ４病棟正看(常,,,看護師長
54144,看護部Ａ４病棟正看(常,,,看護主任
54144,看護部Ａ５病棟准看(常,,,
54144,看護部Ａ５病棟助手(パ,,,
54144,看護部Ａ５病棟助手(常,,,
54144,看護部Ａ５病棟正看(パ,,,
54144,看護部Ａ５病棟正看(常,,,
54144,看護部Ａ５病棟正看(常,,,看護師長
54144,看護部Ａ５病棟正看(常,,,看護主任
54144,看護部Ｂ２病棟准看(常,,,
54144,看護部Ｂ２病棟助手(パ,,,
54144,看護部Ｂ２病棟助手(常,,,
54144,看護部Ｂ２病棟助手(常,,,介護主任
54144,看護部Ｂ２病棟正看(パ,,,
54144,看護部Ｂ２病棟正看(常,,,看護主任
54144,看護部Ｂ２病棟正看(常,,,
54144,看護部Ｂ２病棟正看(常,,,看護師長・介護師長
54144,看護部Ｂ３病棟准看(常,,,
54144,看護部Ｂ３病棟助手(パ,,,
54144,看護部Ｂ３病棟助手(常,,,
54144,看護部Ｂ３病棟正看(パ,,,
54144,看護部Ｂ３病棟正看(常,,,看護主任
54144,看護部Ｂ３病棟正看(常,,,看護師長
54144,看護部Ｂ３病棟正看(常,,,
54144,看護部Ｃ２病棟准看(常,,,
54144,看護部Ｃ２病棟助手(常,,,
54144,看護部Ｃ２病棟正看(パ,,,
54144,看護部Ｃ２病棟正看(常,,,看護主任
54144,看護部Ｃ２病棟正看(常,,,看護師長
54144,看護部Ｃ２病棟正看(常,,,
54144,看護部Ｃ３病棟准看(パ,,,
54144,看護部Ｃ３病棟准看(常,,,
54144,看護部Ｃ３病棟助手(パ,,,
54144,看護部Ｃ３病棟助手(常,,,
54144,看護部Ｃ３病棟正看(パ,,,
54144,看護部Ｃ３病棟正看(常,,,看護主任
54144,看護部Ｃ３病棟正看(常,,,看護師長
54144,看護部Ｃ３病棟正看(常,,,
54144,診療部リハビリ科作業療法士(パ,,,スーパーバイザー
54144,診療部リハビリ科作業療法士(常,,,
54144,診療部リハビリ科作業療法士(常,,,作業療法士長
54144,診療部リハビリ科理学療法士(常,,,
54144,診療部リハビリ科理学療法士(常,,,ﾘﾊﾋﾞﾘﾃｰｼｮﾝ副科長
54144,診療部リハビリ科理学療法士(常,,,ﾘﾊﾋﾞﾘﾃｰｼｮﾝ科長
54144,診療部リハビリ科理学療法士(常,,,理学療法士 主任
54144,診療部リハビリ科言語聴覚士(常,,,言語聴覚士長
54144,診療部リハビリ科言語聴覚士(常,,,
54144,診療部リハビリ科ﾘﾊﾋﾞﾘ助手(パ,,,
54144,診療部放射線科放射線技師(常,,,放射線科長
54144,診療部放射線科放射線技師(常,,,
54144,診療部放射線科放射線技師(常,,,放射線科 主任
54144,診療部栄養科管理栄養士(常,,,
54144,診療部栄養科管理栄養士(常,,,栄養科長
54144,診療部検査科検査技師(パ,,,
54144,診療部検査科検査技師(常,,,
54144,診療部検査科検査技師(常,,,検査科長
54144,診療部検査科視能訓練士(常,,,
54144,診療部臨工科臨床工学技士(常,,,
54144,診療部臨工科臨床工学技士(常,,,臨床工学科長
54144,診療部薬局薬剤師(パ,,,
54144,診療部薬局薬剤師(常,,,薬局長
54144,診療部薬局薬剤師(常,,,
54144,ﾃﾞｲｻｰﾋﾞｽはるのうみ事務(パ,,,
54144,ﾃﾞｲｻｰﾋﾞｽはるのうみ介護職員（パ,,,
54144,ﾃﾞｲｻｰﾋﾞｽはるのうみ介護職員（常,,,
54144,ﾃﾞｲｻｰﾋﾞｽはるのうみ介護職員（常,,,介護福祉士主任
54144,ﾃﾞｲｻｰﾋﾞｽはるのうみ准看(常,,,
54144,ﾃﾞｲｻｰﾋﾞｽはるのうみ運転手(パ,,,
54144,ﾃﾞｲｻｰﾋﾞｽはるのうみＯＴ(常,,,
54144,ﾃﾞｲｻｰﾋﾞｽはるのうみＰＴ(常,,,管理者
54144,ﾃﾞｲｻｰﾋﾞｽはるのうみＰＴ(常,,,
61236,メンテ事業部,技能職,8,
61236,メンテ事業部,事務職,10,
61236,メンテ事業部,技能職,7,班長
61236,メンテ事業部,事務職,9,
61236,メンテ事業部,技能職,6,作業長
61236,メンテ事業部,事務職,2,事業部長
61236,メンテ事業部,技能職,9,
61236,メンテ事業部,事務職,4,事業部 副部長
61236,メンテ事業部,事務職,8,
61236,メンテ事業部,事務職,4,課長／所長
61236,中国事業部,事務職,4,副所長
61236,中国事業部,技能職,6,係長
61236,中国事業部,事務職,2,事業部長
61236,中国事業部,技能職,6,作業長
61236,中国事業部,事務職,5,係長
61236,中国事業部,事務職,8,
61236,中国事業部,技能職,8,
61236,中国事業部,事務職,7,
61236,中国事業部,事務職,9,
61236,中国事業部,事務職,10,
61236,中国事業部,事務職,4,課長／所長
61236,中国事業部,事務職,5,副所長
61236,九州事業部,事務職,4,課長／所長
61236,九州事業部,技能職,5,副所長
61236,九州事業部,事務職,2,事業部長
61236,九州事業部,技能職,9,
61236,九州事業部,技能職,6,係長
61236,九州事業部,技能職,6,作業長
61236,九州事業部,事務職,4,
61236,九州事業部,事務職,5,
61236,九州事業部,事務職,4,事業部 副部長
61236,九州事業部,事務職,7,係長
61236,九州事業部,事務職,9,
61236,九州事業部,技能職,7,班長
61236,九州事業部,事務職,8,
61236,九州事業部,事務職,10,
61236,九州事業部,技能職,8,
61236,営業統括部,事務職,9,
61236,営業統括部,事務職,2,事業部長
61236,営業統括部,事務職,5,
61236,営業統括部,事務職,8,
61236,営業統括部,事務職,10,
61236,営業統括部,事務職,6,
61236,国際事業部,事務職,7,
61236,国際事業部,事務職,4,課長／所長
61236,国際事業部,事務職,2,事業部長
61236,国際事業部,事務職,8,
61236,国際事業部,事務職,9,
61236,国際事業部,事務職,5,
61236,大浪陸運㈱,事務職,5,
61236,大浪陸運㈱,事務職,7,
61236,大浪陸運㈱,事務職,8,
61236,大浪陸運㈱,事務職,2,子会社社長
61236,大浪陸運㈱,事務職,4,課長／所長
61236,安全,事務職,5,事業部 担当部長付
61236,安全,事務職,4,事業部 担当部長
61236,監査室,事務職,5,
61236,監査室,事務職,3,事業部長
61236,管理部,事務職,6,
61236,管理部,事務職,5,
61236,管理部,事務職,3,社長付
61236,管理部,事務職,10,
61236,管理部,事務職,9,
61236,管理部,事務職,4,課長／所長
61236,管理部,事務職,5,事業部 担当部長付
61236,管理部,事務職,8,
61236,管理部,事務職,1,事業部長
61236,運輸事業部,事務職,5,
61236,運輸事業部,事務職,8,
61236,運輸事業部,事務職,2,事業部長
61236,運輸事業部,事務職,9,
61236,運輸事業部,事務職,4,課長／所長
61236,運輸事業部,事務職,10,
61236,運輸事業部,技能職,6,作業長
61236,運輸事業部,技能職,5,係長
61236,運輸事業部,事務職,7,
61236,関西事業部,事務職,5,
61236,関西事業部,事務職,7,
61236,関西事業部,事務職,5,副所長
61236,関西事業部,事務職,5,事業部長付
61236,関西事業部,事務職,8,
61236,関西事業部,事務職,5,係長
61236,関西事業部,事務職,4,課長／所長
61236,関西事業部,技能職,7,作業長
61236,関西事業部,事務職,7,係長
61236,関西事業部,事務職,2,事業部長
61236,関西事業部,技能職,6,作業長
61236,関西事業部,技能職,7,班長
61236,関西事業部,事務職,10,
61236,関西事業部,技能職,8,
61236,関西事業部,技能職,10,
61236,関西事業部,技能職,6,係長
61236,関西事業部,事務職,9,
61236,首都圏開発営業部,事務職,3,事業部長
65480,企画戦略室,,,室　長
65480,商業印刷本部商業印刷部,,,顧　問
65480,商業印刷本部商業印刷部,,,部　長
65480,商業印刷本部商業印刷部商業印刷担当,,,部　員
65480,商業印刷本部商業印刷部商業印刷担当,,,副課長
65480,商業印刷本部商業印刷部商業印刷担当,,,次　長
65480,商業印刷本部商業印刷部商業印刷担当,,,部　長
65480,商業印刷本部商業印刷部生産管理担当,,,副課長
65480,商業印刷本部商業印刷部生産管理担当,,,常勤ｱﾙﾊﾞｲﾄ
65480,商業印刷本部商業印刷部製版課,,,課　長
65480,商業印刷本部商業印刷部製版課,,,部　員
65480,営業事業本部マーケティングソリューション部,,,部　長
65480,営業事業本部マーケティングソリューション部,,,部　員
65480,営業事業本部出版部,,,センター長
65480,営業事業本部出版部,,,次　長
65480,営業事業本部出版部,,,部　員
65480,営業事業本部出版部,,,常勤ｱﾙﾊﾞｲﾄ
65480,営業事業本部出版部,,,課　長
65480,営業事業本部出版部販売管理担当,,,部　員
65480,営業事業本部出版部販売管理担当,,,課　長
65480,営業事業本部営業部,,,部　員
65480,営業事業本部営業部,,,課　長
65480,営業事業本部営業部,,,副課長
65480,営業事業本部営業部,,,部　長
65480,営業事業本部営業部営業管理担当,,,部　員
65480,営業事業本部地域編集部,,,デスク
65480,営業事業本部地域編集部,,,次　長
65480,営業事業本部地域編集部,,,部　員
65480,営業事業本部編集企画部,,,部　員
65480,営業事業本部編集企画部,,,部　長
65480,営業事業本部編集企画部,,,副課長
65480,営業事業本部編集企画部,,,課　長
65480,営業事業本部編集企画部デザイン担当,,,部　員
65480,営業事業本部編集企画部デザイン担当,,,副課長
65480,営業事業本部編集企画部デザイン担当,,,常勤ｱﾙﾊﾞｲﾄ
65480,営業事業本部編集企画部デザイン担当,,,課　長
65480,新聞印刷本部技術部播磨,,,アルバイト
65480,新聞印刷本部技術部播磨,,,課　長
65480,新聞印刷本部技術部西神,,,副課長
65480,新聞印刷本部技術部西神,,,部　長
65480,新聞印刷本部技術部阪神,,,副課長
65480,新聞印刷本部技術部阪神,,,部　員
65480,新聞印刷本部技術部阪神,,,部　長
65480,新聞印刷本部播磨印刷センター印刷部,,,部　員
65480,新聞印刷本部播磨印刷センター印刷部,,,センター長
65480,新聞印刷本部播磨印刷センター印刷部,,,次　長
65480,新聞印刷本部播磨印刷センター印刷部,,,課　長
65480,新聞印刷本部播磨印刷センター印刷部,,,副課長
65480,新聞印刷本部西神印刷センター印刷部印刷担当,,,部　員
65480,新聞印刷本部西神印刷センター印刷部印刷担当,,,次　長
65480,新聞印刷本部西神印刷センター印刷部印刷担当,,,センター長
65480,新聞印刷本部西神印刷センター印刷部印刷担当,,,課　長
65480,新聞印刷本部西神印刷センター印刷部印刷担当,,,副課長
65480,新聞印刷本部西神印刷センター印刷部輸送管理担当,,,担当部長
65480,新聞印刷本部西神印刷センター印刷部輸送管理担当,,,部　員
65480,新聞印刷本部西神印刷センター印刷部輸送管理担当,,,副課長
65480,新聞印刷本部西神印刷センター印刷部輸送管理担当,,,課　長
65480,新聞印刷本部阪神印刷センター印刷部,,,課　長
65480,新聞印刷本部阪神印刷センター印刷部,,,部　員
65480,新聞印刷本部阪神印刷センター印刷部,,,副課長
65480,新聞印刷本部阪神印刷センター印刷部,,,センター長
65480,新聞印刷本部阪神印刷センター印刷部,,,次　長
65480,管理本部（西神）,,,取締役管理本部長
65480,管理本部（西神）経理部,,,課　長
65480,管理本部（西神）経理部,,,部　員
65480,管理本部（西神）経理部,,,部　長
65480,管理本部（西神）経理部システム課,,,副課長
65480,管理本部（西神）総務部,,,副課長
65480,管理本部（西神）総務部,,,部　員
65480,管理本部（西神）総務部,,,部　長
65480,管理本部（西神）総務部,,,課　長
66873,企画建築部・事業管理課,木造施工,,一般社員
66873,企画建築部・事業管理課,木造施工,,主任
66873,企画建築部・事業管理課,木造施工,,課長
66873,企画建築部・施工課,木造施工,,次長
66873,企画建築部・施工課,木造施工,,課長代理
66873,企画建築部・施工課,工事事務,,主任
66873,企画建築部・施工課,木造施工,,係長
66873,企画建築部・施工課,木造施工,,主任
66873,企画建築部・施工課,木造施工,,一般社員
66873,企画建築部・積算購買課,積算購買,,課長
66873,企画建築部・積算購買課,積算購買,,課長代理
66873,企画建築部・積算購買課,積算購買,,主任
66873,取締役会,監査役,,監査役
66873,取締役会,取締役,,取締役
66873,取締役会,取締役,,社長
66873,建築営業部・建築営業課,建築営業事務,,主任
66873,建設事業本部,建築工事,,本部長
66873,建設営業部,建築営業,,次長
66873,建設営業部・建築営業課,建築営業,,課長
66873,建設部,建築工事,,部長
66873,建設部,建築工事,,次長
66873,建設部・リニューアル課,工事事務,,主任
66873,建設部・リニューアル課,RCリニューアル,,主任
66873,建設部・リニューアル課,RCリニューアル,,課長代理
66873,建設部・リニューアル課,RCリニューアル,,係長
66873,建設部・品質管理課,工事事務,,一般社員
66873,建設部・建築工事課,建築工事,,主任
66873,建設部・建築工事課,建築工事,,一般社員
66873,建設部・建築工事課,建築工事,,係長
66873,建設部・建築工事課,建築工事,,嘱託
66873,建設部・建設工事課,建築工事,,課長
66873,建設部・建設工事課,建築工事,,課長代理
66873,建設部・建設工事課,建築工事,,係長
66873,戸建営業部・ネット推進課,ネット集客,,一般社員
66873,戸建営業部・ネット推進課,ネット集客,,係長
66873,戸建営業部・営業管理課,営業管理,,主任
66873,戸建営業部・営業管理課,営業管理,,係長
66873,戸建営業部・営業管理課,英魚管理,,主任
66873,戸建営業部・営業管理課,営業管理,,一般社員
66873,戸建営業部・戸建営業課,戸建営業,,課長
66873,戸建営業部・戸建営業課,戸建営業,,主任
66873,戸建営業部・戸建営業課,戸建営業,,係長
66873,戸建営業部・戸建営業課,戸建営業,,部長
66873,戸建営業部・戸建営業課,戸建営業,,課長代理
66873,戸建営業部・戸建営業課,戸建営業,,次長
66873,戸建営業部・戸建営業課,戸建営業,,一般社員
66873,戸建営業部・業務課,業務,,係長
66873,戸建営業部・業務課,業務,,主任
66873,戸建営業部・業務課,業務,,課長代理
66873,暮らしデザイン部・CS推進課,CS,,主任
66873,暮らしデザイン部・CS推進課,CS,,課長代理
66873,暮らしデザイン部・CS推進課,CS・RF,,課長
66873,暮らしデザイン部・コーディネート課,戸建OP,,主任
66873,暮らしデザイン部・コーディネート課,新築OP,,一般社員
66873,暮らしデザイン部・コーディネート課,新築OP,,主任
66873,暮らしデザイン部・コーディネート課,工事事務,,一般社員
66873,暮らしデザイン部・コーディネート課,戸建OP,,課長代理
66873,暮らしデザイン部・リフォーム課,RF,,一般社員
66873,暮らしデザイン部・リフォーム課,RF,,課長代理
66873,東京・経理課,経理,,課長
66873,横浜・建設営業課,総務,,係長
66873,横浜・建設工事課,建築工事,,課長
66873,横浜・建設工事課,建築工事,,課長代理
66873,横浜・積算課,積算,,課長代理
66873,積算購買部・積算課,積算,,主任
66873,積算購買部・購買課,工事事務,,主任
66873,管理部・管理課,人事・総務,,課長代理
66873,管理部・管理課,総務,,一般社員
66873,管理部・管理課,人事,,主任
66873,管理部・管理課,総務,,主任
66873,経理財務部,財務,,次長
66873,経理財務部,経理財務,,部長
66873,経理財務部・経理課,経理,,課長代理
66873,経理財務部・経理課,経理,,一般社員
66873,経理財務部・経理課,経理,,係長
66873,経理財務部・経理課,経理,,主任
66873,経理財務部・財務課,財務,,一般社員
66873,経理財務部・財務課,財務,,主任
66873,開発部,用地仕入,,部長
66873,開発部・マーケティング課,マーケティング,,一般社員
66873,開発部・マーケティング課,マーケティング,,課長代理
66873,開発部・企画課,戸建企画,,課長代理
66873,開発部・企画課,戸建企画,,一般社員
66873,開発部・企画課,戸建企画,,係長
66873,開発部・戸建開発課,用地仕入,,課長
66873,開発部・戸建開発課,用地仕入事務,,一般社員
66873,開発部・戸建開発課,用地仕入,,主任
66873,開発部・戸建開発課,用地仕入,,課長代理
66873,開発部・戸建開発課,用地仕入,,一般社員
66873,開発部・戸建開発課,用地仕入,,係長
66873,開発部・設計課,設計,,課長代理
66873,開発部・設計課,設計,,一般社員
66873,開発部・設計課,設計,,係長
85490,内部監査室,,,室長
85490,内部監査室,,,
85490,品質保証部,,,次長
85490,品質保証部,,,
85490,品質保証部,,,部長
85490,営業部,,,
85490,営業部,,,グループリーダー
85490,営業部,,,大阪営業所長
85490,川口工場,,,工場長
85490,川口工場,,,課長
85490,川口工場,,,
85490,川口工場,,,次長
85490,川口工場,,,係長
85490,市場開発部,,,部長
85490,市場開発部,,,グループリーダー
85490,市場開発部,,,
85490,業務部,,,部長
85490,業務部,,,グループリーダー
85490,業務部,,,
85490,研究開発部,,,
85490,研究開発部,,,部長
85490,研究開発部,,,グループリーダー
85490,経営企画室,,,室長
85490,経理部,,,次長
85490,経理部,,,
85490,総務部,,,次長
85490,総務部,,,
85490,総務部,,,部長
85589,,,,
85589,京都聖母学院中学校・高等学校,教員新,7,
85589,京都聖母学院中学校・高等学校,事務新,7,
85589,京都聖母学院中学校・高等学校,教員,2,校長
85589,京都聖母学院中学校・高等学校,事務,7,
85589,京都聖母学院中学校・高等学校,教員,7,保健室
85589,京都聖母学院中学校・高等学校,教員,7,
85589,京都聖母学院中学校・高等学校,教員,2,教頭
85589,京都聖母学院事務室,事務,7,
85589,京都聖母学院事務室,事務,5,課長
85589,京都聖母学院保育園,教員,7,
85589,京都聖母学院保育園,事務,7,
85589,京都聖母学院保育園,教員,2,園長
85589,京都聖母学院保育園,教員,7,主任
85589,京都聖母学院小学校,事務,7,課長補佐
85589,京都聖母学院小学校,教員新,7,
85589,京都聖母学院小学校,事務,7,係長
85589,京都聖母学院小学校,教員,2,主幹
85589,京都聖母学院小学校,事務新,7,
85589,京都聖母学院小学校,教員,2,校長
85589,京都聖母学院小学校,教員,7,保健室
85589,京都聖母学院小学校,事務,7,
85589,京都聖母学院小学校,教員,2,教育管理管理職
85589,京都聖母学院小学校,教員,7,
85589,京都聖母学院小学校,教員,2,教頭
85589,京都聖母学院幼稚園,教員,7,
85589,京都聖母学院幼稚園,事務,7,
85589,京都聖母学院幼稚園,教員,2,園長
85589,京都聖母学院幼稚園,教員,7,保健室
85589,京都聖母学院幼稚園,教員,2,教頭
85589,常任理事,教員,1,理事長
85589,情報システム,事務,7,
85589,教学部,教員,7,
85589,法人事務局,事務,6,係長
85589,法人事務局,事務新,6,
85589,法人事務局,事務,6,
85589,法人事務局,事務,7,
85589,法人事務局,事務,5,課長
85589,法人事務局,事務新,7,
85589,法人事務局,理事,1,局長
85589,法人事務局,事務,7,係長
85589,聖母インターナショナルプリスクール,教員,7,
85589,聖母インターナショナルプリスクール,教員,2,園長
85589,聖母インターナショナルプリスクール,事務,7,
85589,聖母教育支援センター,教員新,7,
85589,聖母教育支援センター,教員,7,
85589,聖母教育支援センター（藤森）,事務,7,
85589,聖母教育支援センター（藤森）,教員,7,
85589,聖母教育支援センター（藤森）,教員新,7,
85589,香里ヌヴェール学院中学校・高等学校,教員,2,主幹
85589,香里ヌヴェール学院中学校・高等学校,教員,2,副校長
85589,香里ヌヴェール学院中学校・高等学校,事務,5,課長
85589,香里ヌヴェール学院中学校・高等学校,教員,2,教頭
85589,香里ヌヴェール学院中学校・高等学校,事務,7,係長
85589,香里ヌヴェール学院中学校・高等学校,教員,1,校長
85589,香里ヌヴェール学院中学校・高等学校,教員,7,
85589,香里ヌヴェール学院中学校・高等学校,職員,7,
85589,香里ヌヴェール学院中学校・高等学校,事務,7,
85589,香里ヌヴェール学院中学校・高等学校,教員,7,係長
85589,香里ヌヴェール学院中学校・高等学校,教員,7,保健室
85589,香里ヌヴェール学院中学校・高等学校（非常勤）,教員,7,
85589,香里ヌヴェール学院事務室,事務新,7,
85589,香里ヌヴェール学院小学校,教員,7,
85589,香里ヌヴェール学院小学校,教員,2,教頭
85589,香里ヌヴェール学院小学校,教員,7,保健室
85589,香里ヌヴェール学院小学校,教員,2,副校長
85589,香里ヌヴェール学院小学校,事務,7,
85589,香里ヌヴェール学院小学校,教員新,7,
85589,香里ヌヴェール学院小学校,事務新,7,
111227,00事業統括本部,役員,10,取締役
111227,00事業統括本部,－,10,－
111227,01事業統括本部/輸送監査室,－,10,－
111227,11管理本部/総務部,－,10,－
111227,12管理本部/人事部/人事課,総合職,7,主任
111227,12管理本部/人事部/人事課,総合職,10,係長
111227,12管理本部/人事部/労務課,総合職,5,課長
111227,13管理本部/経理部,－,10,－
111227,14管理本部/システム部,－,10,－
111227,15管理本部/情報設備課,－,10,－
111227,20海外本部,－,10,－
111227,30営業本部,－,10,－
111227,400業務本部,－,10,－
111227,411業務本部/共配事業部/業務,－,10,－
111227,412業務本部/共配事業部/倉庫,－,10,－
111227,413業務本部/共配事業部/配車,－,10,－
111227,41業務本部/共配事業部,－,10,－
111227,42業務本部/輸送事業部,－,10,－
111227,43業務本部/国際物流部,－,10,－
111227,44業務本部/3PL事業部,－,10,－
111227,45業務本部/広域事業部,－,10,－
111227,50ジャストロジスティクス,－,10,－
111227,60日本物流マネジメント,－,10,－
111227,70飛高運送,－,10,－
111227,人事部,人事部,,
118692,,,,
118692,2階病棟,,,
118692,3階病棟,,,
118692,4階病棟,,,
118692,こども事業部,,,
118692,ほほえみ,,,
118692,めばえキッチン,,,
118692,ウェルネスラボ,,,
118692,グループホーム 統括管理者,,,
118692,ケアプランセンター,,,
118692,スポット看護師,,,
118692,リハビリテーション,,,
118692,リハビリテーション科,,,
118692,リハビリデイサービスセンター,,,
118692,ワクチン受付,,,
118692,中加賀屋グループホーム,,,
118692,健診,,,
118692,健診事務,,,
118692,公認心理師,,,
118692,北加賀屋1丁目 小規模多機能施設,,,
118692,北加賀屋1丁目グループホーム,,,
118692,医事課,,,
118692,医師,,,
118692,医療秘書課,,,
118692,南加賀屋グループホーム,,,
118692,営業,,,
118692,外来,,,
118692,寿楽温泉,,,
118692,平野東図書館前病院,,,
118692,情報管理室,,,
118692,感染病棟,,,
118692,放射線科,,,
118692,東加賀屋グループホーム,,,
118692,栄養科,,,
118692,検査科,,,
118692,法人事業支援部,,,
118692,法人営業部,,,
118692,法人総務部,,,
118692,生活関連事業部門,,,
118692,病診連携よろず相談室,,,
118692,看護部,,,
118692,社会医療法人三宝会　法人本部,,,
118692,薬局,,,
118692,虹の家 御崎,,,
118692,訪問看護,,,
118692,訪問看護ステーション,,,
118692,通所リハビリ,,,
118692,顧客サービス部,,,
127206,リハビリ科,作業療法士,6,副主任
127206,リハビリ科,理学療法士,5,主任
127206,リハビリ科,理学療法士,8,
127206,リハビリ科,柔整師,9,
127206,リハビリ科,作業療法士,9,
127206,リハビリ科,理学療法士,6,副主任
127206,リハビリ科,作業療法士,8,
127206,リハビリ科,柔整師,7,副主任
127206,企画経営部,事務員,3,部長
127206,医事部,事務員,5,部長
127206,医事部,事務員,8,係長
127206,医事部,事務員,9,
127206,医事部,事務員,7,主任
127206,医事部,事務員,8,
127206,医事部,事務員,6,次長
127206,医師,医師,3,副院長
127206,放射線科,放射線技師,6,
127206,放射線科,放射線技師,9,
127206,放射線科,放射線技師,5,技師長
127206,栄養科,栄養士,5,
127206,生理検査科,検査技師,5,主任
127206,生理検査科,検査技師,9,
127206,生理検査科,検査技師,7,
127206,看護部,看護助手,5,主任
127206,看護部,准看護師,7,
127206,看護部,看護師,7,
127206,看護部,准看護師,5,主任
127206,看護部,准看護師,6,
127206,看護部,相談員,8,
127206,看護部,クラーク,7,
127206,看護部,准看護師,8,
127206,看護部,看護師,5,副師長
127206,看護部,看護師,8,
127206,看護部,看護師,5,師長
127206,看護部,看護助手,8,
127206,看護部,看護師,9,
127206,看護部,看護師,6,副主任
127206,看護部,看護助手,10,
127206,看護部,看護助手,9,
127206,看護部,相談員,5,
127206,看護部,准看護師,9,
127206,経理課,事務員,1,副管長
127206,総務部,救急救命士,6,
127206,総務部,事務員,7,次長
127206,総務部,事務員,8,
127206,総務部,事務員,5,係長
127206,総務部,事務員,8,主任
127206,総務部,事務員,5,部長
127206,薬剤部,薬剤師,6,
127206,薬剤部,薬剤師,5,薬局長
127206,薬剤部,薬剤師,8,
127206,薬局,薬剤師,8,
127206,院長,医師,1,院長
127595,,,,
127595,パート,事務,,パート
127595,パート,管理,,パート
127595,営業部（共通）,事務,,主査
127595,営業部（共通）,営業,,次長
127595,営業部（共通）,営業,,部長
127595,営業部（共通）,営業,,参与
127595,営業部（共通）,事務,,一般
127595,営業部（共通）,営業,,次長代理
127595,営業部（共通）,営業,,主査
127595,営業部（国立府中）,営業,,一般
127595,営業部（志木）,営業,,主任
127595,営業部（志木）,事務,,一般
127595,営業部（志木）,営業,,一般
127595,営業部（新横浜）,事務,,一般
127595,営業部（新横浜）,営業,,一般
127595,営業部（新横浜）,営業,,主任
127595,営業部（本店）,事務,,主任
127595,営業部（本店）,営業,,一般
127595,営業部（本店）,営業,,主任
127595,営業部（松戸）,営業,,一般
127595,営業部（松戸）,営業,,所長代理
127595,営業部（横浜）,事務,,一般
127595,営業部（横浜）,営業,,一般
127595,営業部（横浜）,営業,,係長
127595,営業部（海老名）,営業,,一般
127595,営業部（海老名）,営業,,所長代理
127595,営業部（海老名）,事務,,主任
127595,営業部（相模原）,事務,,一般
127595,営業部（相模原）,営業,,一般
127595,営業部（相模原）,営業,,主任
127595,営業部（練馬）,事務,,一般
127595,営業部（練馬）,営業,,一般
127595,営業部（練馬）,営業,,主査
127595,営業部（藤沢）,事務,,主任
127595,営業部（藤沢）,営業,,一般
127595,営業部（藤沢）,事務,,一般
127595,営業部（藤沢）,営業,,主任
127595,建設事業部CS課,建設,,課長（所長）
127595,建設事業部CS課,建設,,一般
127595,建設事業部CS課,建設,,主査
127595,建設事業部宅地開発課,建設,,課長（所長）
127595,建設事業部宅地開発課,建設,,課長代理
127595,建設事業部宅地開発課,建設,,一般
127595,建設事業部建築工事課,建設,,課長（所長）
127595,建設事業部建築工事課,建設,,係長
127595,建設事業部建築工事課,建設,,一般
127595,建設事業部建築工事課,建設,,次長代理
127595,建設事業部建築工事課,建設,,主任
127595,建設事業部業務係,建設,,一般
127595,建設事業部設計課,建設,,係長
127595,建設事業部設計課,建設,,次長代理
127595,建設事業部設計課,建設,,主任
127595,建設事業部設計課,建設,,課長（所長）
127595,建設事業部購買係,建設,,一般
127595,建設事業部購買係,建設,,課長代理
127595,経営企画室,管理,,一般
127595,経営企画室,管理,,係長
127595,総務部,管理,,
127595,総務部,管理,,主任
127595,総務部,管理,,次長代理
164319,コース営業G,サーキット営業,8,GM
164319,コース営業G,サーキット営業,8,
164319,コース営業G,サーキット営業,8,主任
164319,コース運営1G,モータースポーツ,8,主任
164319,コース運営1G,モータースポーツ,8,主幹
164319,コース運営1G,モータースポーツ,8,GM
164319,コース運営1G,モータースポーツ,8,
164319,コース運営2G,モータースポーツ,8,
164319,コース運営2G,モータースポーツ,8,GM
164319,コース運営2G,モータースポーツ,8,主任
164319,サーキット営業部,サーキット営業,8,部長
164319,サーキット営業部,サーキット営業,8,主査
164319,デジタル変革G,管理,8,
164319,デジタル変革G,管理,8,GM
164319,プロジェクト1G,プロジェクト,8,GM
164319,プロジェクト1G,プロジェクト,8,
164319,プロジェクト1G,プロジェクト,8,主任
164319,プロジェクト2G,プロジェクト,8,主任
164319,プロジェクト2G,プロジェクト,8,GM
164319,プロジェクト2G,プロジェクト,8,
164319,プロジェクト統括部,プロジェクト,8,部長
164319,モータースポーツ部,モータースポーツ,8,部長
164319,モータースポーツ部,モータースポーツ,8,主査
164319,モータースポーツ部,モータースポーツ,8,主幹
164319,レース運営G,モータースポーツ,8,主任
164319,レース運営G,モータースポーツ,8,GM
164319,レース運営G,モータースポーツ,8,
164319,人事G,管理,8,主任
164319,人事G,管理,8,
164319,人事G,管理,8,GM
164319,役員,役員,1,社長執行役員
164319,役員,役員,2,執行役員
164319,施設G,管理,8,GM
164319,施設G,管理,8,主任
164319,施設G,管理,8,
164319,施設課,管理,8,上級主任
164319,東京営業部,東京営業,8,主任
164319,東京営業部,東京営業,8,主査
164319,東京営業部,東京営業,8,
164319,経営管理部,管理,8,主任
164319,経営管理部,管理,8,部長
164319,経営経理部,,,主任
164319,経営経理部,経理,8,主任
164319,経営経理部,管理,8,
164319,経営経理部,経理,8,
164319,経営経理部,経理,8,部長
164319,総務G,管理,8,
164319,総務G,管理,8,GM
164319,総務G,管理,8,主任
164319,走行・体験プログラムG,サーキット営業,8,主任
164319,走行・体験プログラムG,サーキット営業,8,
164319,走行・体験プログラムG,サーキット営業,8,GM
164319,運営課,モータースポーツ,8,担当課長
167680,事務部,,,係長
167680,事務部,,,課長
167680,事務部,事務,5,係長
167680,事務部,,,
167680,事務部,,,主任
167680,副診療科,,,
167680,副診療科,,,係長
167680,副診療科,,,課長
167680,看護部,,,
167680,看護部,,,師長
167680,看護部,,,部長
167680,看護部,,,主任
167680,看護部,,,副主任
167680,管理部門,,,部長
167680,診療部,,,理事長
167680,診療部,,,院長
167680,診療部,,,
174525,TCD推進部,,,部長
174525,TCD推進部　TCD課,,,担当
174525,TCD推進部　TCD課,,,課長
174525,品質管理部,,,部長
174525,品質管理部　品質管理課,,,主任
174525,品質管理部　品質管理課,,,課長
174525,品質管理部　品質管理課,,,担当
174525,品質管理部　品質管理課,,,係長
174525,業務部,,,副部長
174525,業務部　原価管理課,,,担当
174525,業務部　原価管理課,,,課長
174525,業務部　安全環境課,,,担当
174525,業務部　安全環境課,,,課長
174525,業務部　業務課,,,担当
174525,業務部　業務課,,,主任
174525,業務部　業務課,,,職長
174525,業務部　設備管理課,,,担当
174525,業務部　設備管理課,,,職長
174525,業務部　設備管理課,,,係長
174525,業務部　設備管理課,,,課長
174525,社長付,,,主幹
174525,管理部,,,部長
174525,管理部　生産管理課,,,課長
174525,管理部　生産管理課,,,担当
174525,管理部　生産管理課,,,副主査
174525,製造1部,,,副部長
174525,製造1部,,,担当
174525,製造1部　メカバル1課,,,係長
174525,製造1部　メカバル1課,,,副主査
174525,製造1部　メカバル1課,,,職長
174525,製造1部　メカバル1課,,,担当
174525,製造1部　メカバル2課,,,担当
174525,製造1部　メカバル2課,,,職長
174525,製造1部　メカバル2課,,,課長
174525,製造1部　メカバル2課,,,係長
174525,製造2部,,,部長
174525,製造2部,,,担当
174525,製造2部　加工課,,,課長
174525,製造2部　加工課,,,担当
174525,製造2部　加工課,,,係長
174525,製造2部　製造1課,,,担当
174525,製造2部　製造1課,,,主任
174525,製造2部　製造1課,,,係長
174525,製造2部　製造1課,,,職長
174525,製造2部　製造1課,,,主査
174525,製造2部　製造2課,,,主任
174525,製造2部　製造2課,,,職長
174525,製造2部　製造2課,,,課長
174525,製造2部　製造2課,,,担当
174525,製造2部　製造2課,,,係長
174525,製造3部,,,担当
174525,製造3部　シール1課,,,職長
174525,製造3部　シール1課,,,担当
174525,製造3部　シール1課,,,係長
174525,製造3部　シール1課,,,副課長
174525,製造3部　シール2課,,,職長
174525,製造3部　シール2課,,,主査
174525,製造3部　シール2課,,,担当
174525,製造3部　シール2課,,,係長
194387,,,,
194387,さきしま 地域包括支援センター,,,
194387,しらなみ,,,
194387,ステップ御崎,,,
194387,スマイルほいくえん,,,
194387,スマイル御崎,,,
194387,パレット南加賀屋,,,
194387,万代グループホーム,,,
194387,加賀屋の森,,,
194387,北加賀屋5丁目グループホーム,,,
194387,南加賀屋児童発達支援相談支援事業所(相談支援C),,,
237091,,,,
237091,しらゆり幼稚園,,,主幹教諭
237091,しらゆり幼稚園,,,学年主任
237091,しらゆり幼稚園,,,
237091,しらゆり幼稚園,,,事務主任
237091,しらゆり幼稚園,,,園長
237091,しらゆり幼稚園,,,副園長
237091,三島校歯科,,,歯科学科長
237091,三島校歯科,,,歯科副学科長
237091,三島校歯科,,,
237091,三島校調理,,,教頭
237091,三島校調理,,,教務副主任
237091,三島校調理,,,調理学科長
237091,三島校調理,,,
237091,三島校調理,,,調理副学科長
237091,中央動物,,,事務主任・企画広報
237091,中央動物,教員,,顧問
237091,中央動物,,,主幹教員
237091,中央動物,,,
237091,中央動物,,,顧問
237091,中央動物,教員,,教務主幹
237091,中央動物,,,副事務長・情報システム室長・企画広報
237091,中央動物,教員,,学科長
237091,医療,,,教頭・IR室長
237091,医療事務,,,企画広報主任
237091,医療事務,,,
237091,医療事務,,,副本部長
237091,医療事務,,,事務主任・人事総務
237091,医療柔整,,,柔整学科長
237091,医療柔整,,,顧問
237091,医療柔整,,,副学科長
237091,医療柔整,,,
237091,医療歯科,,,
237091,医療歯科,,,歯科学科長
237091,医療歯科,,,副学科長
237091,医療理学,,,副学科長
237091,医療理学,,,理学学科長
237091,医療理学,,,
237091,医療鍼灸,,,鍼灸学科長
237091,医療鍼灸,,,副学科長
237091,医療鍼灸,,,
237091,富士メカニック,,,校長
237091,富士メカニック,,,学科長
237091,富士メカニック,,,
237091,法人本部,,,理事長
237091,法人本部,,,副理事長
237091,法人本部,,,総務課長
237091,法人本部,,,
237091,法人本部,,,学務課長・企画広報
237091,静岡校,,,副校長
237091,静岡校事務,,,
237091,静岡校事務,,,事務長・人事総務
237091,静岡校事務,,,総務主任
237091,静岡校製菓,,,製菓学科長
237091,静岡校製菓,,,製菓副学科長
237091,静岡校製菓,,,
237091,静岡校製菓,,,製菓主任
237091,静岡校調理,,,調理学科長
237091,静岡校調理,,,調理副学科長
237091,静岡校調理,,,教務主任
237091,静岡校調理,,,調理主任
237091,静岡校調理,,,
237091,ｷｯｽﾞｷｬﾝﾊﾟｽ,,,
344113,,,,
344113,,,,会長
344113,AI事業部,,,
344113,AI事業部,,,部長
344113,AI事業部,,,マネージャー
344113,アプリアライアンス部,,,
344113,アプリアライアンス部,,,マネージャー
344113,アプリアライアンス部,,,部長
344113,カスタマーサクセス部,,,
344113,カスタマーサクセス部,,,部長
344113,カスタマーサクセス部,,,マネージャー
344113,ダイレクトセールス部,,,部長
344113,ダイレクトセールス部,,,部長代行
344113,ダイレクトセールス部,,,
344113,デザイン部,,,
344113,パートナーセールス第1部,,,部長
344113,パートナーセールス第1部,,,
344113,パートナーセールス第1部,,,マネージャー
344113,パートナーセールス第2部,,,マネージャー
344113,パートナーセールス第2部,,,
344113,パートナーセールス第2部,,,部長
344113,パートナーセールス部,,,
344113,パートナーセールス部,,,部長
344113,パートナーセールス部,,,マネージャー
344113,ビジネス推進部,,,
344113,ビジネス推進部,,,部長
344113,ビジネス推進部,,,マネージャー
344113,ブランドマネジメント,,,
344113,ブランドマネジメント部,,,マネージャー
344113,ブランドマネジメント部,,,部長
344113,京都開発部,,,マネージャー
344113,京都開発部,,,
344113,人事総務,,,
344113,人事総務部,,,マネージャー
344113,人事総務部,,,
344113,人事総務部,,,部長
344113,個人製品開発部,,,部長
344113,個人製品開発部,,,部長代行
344113,個人製品開発部,,,
344113,内部監査室,,,部長
344113,広告宣伝部,,,
344113,役員,,,社長
344113,役員,,,
344113,役員,,,本部長
344113,役員,,,COO
344113,役員,,,監査役
344113,情報システム部,,,部長
344113,情報システム部,,,マネージャー
344113,情報システム部,,,
344113,法人製品開発部,,,副本部長
344113,法人製品開発部,,,マネージャー
344113,法人製品開発部,,,
344113,経営企画部,,,マネージャー
344113,経営企画部,,,部長代行
344113,経営企画部,,,
344113,経理財務部,,,マネージャー
344113,経理財務部,,,
344113,経理財務部,,,部長
344113,製品開発,,,
344113,開発推進部,,,
344113,開発推進部,,,部長
353218,,,,
353218,1-189_ＣＳ課中部　事務,,,
353218,CS課内勤,営業部,6,
353218,エスオフィス,,,
353218,エターナルプレイス,,,
353218,エンバーミング,葬祭部,6,
353218,タクセル　中部,葬祭部,6,
353218,タクセル　東部,葬祭部,6,
353218,タクセル　浜松,葬祭部,6,
353218,タクセル事業本部,,,
353218,タクセル事業部（中部）,,,
353218,タクセル事業部（浜松）,,,
353218,ティーサイド,,,
353218,フューネクスト,,,
353218,ベルヴィ　リリアル　業務,,,
353218,ラヴァンセーヌ,冠婚部,6,
353218,ラヴァンセーヌ　業務,,,
353218,リリアル,冠婚部,6,
353218,中央営業所,,,
353218,中遠地区,営業部,6,
353218,中部地区,営業部,6,
353218,中部支社第一　美馬班,,,
353218,事業統括本部,葬祭部,6,
353218,人事労務課　事務,,,
353218,初生町営業所,,,
353218,初生町営業所　山下班,,,
353218,営業支援推進課　事務,,,
353218,天王営業所,営業部,6,
353218,宴会・アニバーサリー事業部,,,
353218,富士葬祭　中部,葬祭部,6,
353218,富士葬祭　東部,葬祭部,6,
353218,富士葬祭　東部支社　事務,,,
353218,富士葬祭　浜松,葬祭部,6,
353218,富士葬祭　西部,葬祭部,6,
353218,富士葬祭　静岡　事務,,,
353218,掛川営業所,,,
353218,有東坂営業所,,,
353218,本社部門,,,
353218,東部地区,営業部,6,
353218,東部支社　広報,,,
353218,浜松地区,営業部,6,
353218,清水春日営業所,,,
353218,湖西営業所,,,
353218,瀬名営業所,営業部,6,
353218,生花部　中遠・浜松,葬祭部,6,
353218,生花部　東部・中部,葬祭部,6,
353218,生花部（中部）,,,
353218,生花部（浜松）,,,
353218,経理課　事務,,,
353218,経理部,本社事務,6,
353218,経理部　会計課,本社事務,6,
353218,経理部　経理課,本社事務,6,
353218,総務課　事務,,,
353218,総務部,本社事務,6,
353218,総務部　会員管理課,本社事務,6,
353218,総務部　営業支援推進課,本社事務,6,
353218,総務部　浜松支社,本社事務,6,
353218,総務部　総務課,本社事務,6,
353218,草薙コールセンター,,,
353218,葬祭コールセンター,葬祭部,6,
353218,葬祭事業本部,葬祭部,6,
353218,葬祭事業本部,葬祭部,5,
353218,葬祭本部,葬祭部,6,
353218,藤枝営　営業,,,
353218,藤枝広報,営業部,6,
353218,藤枝広報　広報,,,
353218,西部地区,営業部,6,
353218,西部支社　営業,,,
353218,財務総務統括部,本社事務,6,
353218,電話相談窓口,営業部,6,
353218,青島営業所,,,
353218,青島営業所　中西班,,,
353218,静岡コールセンター　営業,,,
353218,鴨江営業所,,,
353218,鴨江営業所　秋元班,,,
353218,鷹岡営業所,,,
353218,ＣＳ課　中部支社　営業,,,
353218,ＣＳ課　浜松支社　営業,,,
353218,ＣＳ課　西部支社　営業,,,
357841,,,,
357841,ホーム加古川,,,
357841,ホーム姫路,,,
357841,ホーム小野,,,
357841,事業推進室,,,
357841,事業推進室　人事課,人事,9,
357841,加古川支店,,,
357841,加古川駅前店,,,
357841,加西店,,,
357841,垂水店,,,
357841,大阪本店,,,
357841,姫路店,,,
357841,小野店,,,
357841,尾道店,,,
357841,岡山店,,,
357841,明石店,,,
357841,泉佐野店,,,
357841,福山店,,,
357841,総務部,,,
357841,財務部,,,
357841,赤穂店,,,
357841,高槻店,,,
381471,,,,
381471,とまと倶楽部,,,
381471,とまと倶楽部,,,管理者
381471,とまと倶楽部,,,リーダー
381471,グループホームあきやぐち,,,
381471,グループホームあきやぐち,,,ホーム長
381471,グループホームあきやぐち,,,リーダー
381471,グループホームえばにし,,,ホーム長
381471,グループホームえばにし,,,リーダー
381471,グループホームえばにし,,,
381471,グループホームおおまち,,,ホーム長
381471,グループホームおおまち,,,リーダー
381471,グループホームおおまち,,,
381471,グループホームたかとり,,,ホーム長
381471,グループホームたかとり,,,リーダー
381471,グループホームたかとり,,,
381471,グループホームだんばら,,,ホーム長
381471,グループホームだんばら,,,リーダー
381471,グループホームだんばら,,,
381471,グループホームとまとやす,,,ホーム長
381471,グループホームとまとやす,,,リーダー
381471,グループホームやすにし,,,ホーム長
381471,グループホームやすにし,,,リーダー
381471,グループホームやすにし,,,
381471,デイサービスセンターおおまち,,,管理者
381471,デイサービスセンターおおまち,,,リーダー
381471,デイサービスセンターおおまち,,,
381471,デイサービスセンターたかとり,,,管理者
381471,デイサービスセンターたかとり,,,相談員
381471,デイサービスセンターたかとり,,,
381471,小規模多機能ホームあきやぐち,,,リーダー
381471,小規模多機能ホームあきやぐち,,,計画作成
381471,小規模多機能ホームあきやぐち,,,
381471,小規模多機能ホームやすにし,,,リーダー
381471,小規模多機能ホームやすにし,,,
381471,居宅介護支援事業所,,,
381471,居宅介護支援事業所,,,管理者
381471,法人本部,,,次長
381471,法人本部,,,
436250,看護部,,,次長
436250,看護部,,,主任
436250,看護部,,,師長
436250,看護部,,,部長
436250,看護部,,,
436250,総務課,,,主任
636232,MS,,,一般
636232,MS,,,M6課長
636232,オーラルケア課,,,係長
636232,オーラルケア課,,,一般
636232,オーラルケア課,,,M7次長
636232,システム技術部,,,一般
636232,システム技術部,,,係長
636232,システム技術部,,,P6課長
636232,システム技術部,,,主任
636232,マーケティング,,,8副部長
636232,マーケティング,,,一般
636232,マーケティング部,,,
636232,仙台営業所,,,M7次長
636232,仙台営業所,,,M5課長
636232,仙台営業所,,,係長
636232,仙台営業所,,,一般
636232,医療システム部,,,主任
636232,医療システム部,,,一般
636232,医療システム部,,,係長
636232,医療システム部,,,部長
636232,医療システム部,,,P5課長
636232,医療システム部,,,M5課長
636232,医療システム部,,,M7次長
636232,名古屋営業所,,,M6課長
636232,名古屋営業所,,,係長
636232,名古屋営業所,,,主任
636232,名古屋営業所,,,一般
636232,品質保証部,,,一般
636232,品質保証部,,,P6課長
636232,品質保証部,,,8副部長
636232,品質保証部,,,P5課長
636232,営業事務,,,M5課長
636232,大阪支店,,,M7次長
636232,大阪支店,,,M5課長
636232,大阪支店,,,M6課長
636232,大阪支店,,,係長
636232,大阪支店,,,主任
636232,大阪支店,,,一般
636232,工場総務,,,
636232,工場総務,,,係長
636232,工場長,,,執行役員
636232,情報システム,,,一般
636232,情報システム,,,M7次長
636232,東京支店,,,8副部長
636232,東京支店,,,P5課長
636232,東京支店,,,係長
636232,東京支店,,,M5課長
636232,東京支店,,,主任
636232,東京支店,,,一般
636232,東京支店,,,執行役員
636232,機器技術部,,,M6課長
636232,機器技術部,,,係長
636232,海外事業部,,,M7次長
636232,海外事業部,,,係長
636232,海外事業部,,,主任
636232,海外事業部,,,一般
636232,物流管理部,,,係長
636232,物流管理部,,,M5課長
636232,物流管理部,,,一般
636232,福岡営業所,,,8副部長
636232,福岡営業所,,,P7次長
636232,福岡営業所,,,P5課長
636232,福岡営業所,,,M5課長
636232,福岡営業所,,,主任
636232,福岡営業所,,,一般
636232,福岡営業所,,,係長
636232,経理,,,係長
636232,経理,,,執行役員
636232,経理,,,主任
636232,経理,,,一般
636232,総務,,,主任
636232,総務,,,一般
636232,総務,,,役員
636232,製造部,,,係長
636232,製造部,,,P5課長
636232,製造部,,,P6課長
636232,製造部,,,M6課長
636232,資材部,,,主任
636232,資材部,,,係長
636232,資材部,,,M7次長
636232,資材部,,,一般
636232,開発技術部,,,M6課長
636232,開発技術部,,,主任
636232,開発技術部,,,M7次長
636232,開発技術部,,,P5課長
636232,開発技術部,,,M5課長
636232,開発技術部,,,係長
643521,,,,
643521,人事総務部,,,部長
643521,人事総務部,,,主任
643521,人事総務部,,,中堅職
643521,人事総務部,,,一般職
643521,人事総務部,,,一般社員
643521,営業部,,,課長
643521,営業部,,,部長
643521,営業部,,,一般職
643521,営業部,,,主任
643521,営業部,,,中堅職
643521,物流管理部,,,主任
643521,物流管理部,,,一般社員
643521,物流管理部,,,部長
643521,物流管理部,,,課長
643521,物流部倉庫管理課,,,主任
643521,物流部倉庫管理課,,,係長
643521,物流部倉庫管理課,,,一般社員
643521,物流部倉庫管理課,,,課長
643521,物流部配送課,,,一般社員
643521,物流部配送課,,,主任
643521,物流部配送課,,,係長
643521,物流部配送課,,,課長
643521,販売管理部,,,課長
643521,販売管理部,,,係長
643521,販売管理部,,,主任
643521,販売管理部,,,部長
643521,販売管理部,,,一般社員
643521,購買部,,,一般社員
643521,購買部,,,課長
643521,購買部,,,係長
643521,購買部,,,部長
643521,購買部,,,主任